number	name
1	joint ventures
1	Icon Design
1	asset allocation
1	managed services
1	urban design
1	Digital Signal Processing
1	voice
1	service client
1	Security Engineering
1	analysis
1	Structural Engineering
1	English Spelling
1	sculpture
1	Xamarin
1	Lyric Writing
1	FileMaker
1	sports
1	Adobe CS
1	Screenwriting
1	pro active leader
1	Artlantis Studio
1	Clojure
1	matlab
1	Neo4j
1	ipo
1	Maya
1	system architecture
1	Oracle Financials Applications
1	start up
1	Raster Graphics Editor
1	Prototype Javascript Framework
1	theatre
1	Fiber Optics
1	budgets
1	automation
1	AccountMate
1	Cognos
1	Transaction Processing
1	international business
1	Hungarian
1	enterprise 2 0
1	key account relationship building
1	Technical Writing
1	company set up
1	Brochure Design
1	Mail Transfer Agent
1	education
1	corporate tax
1	3D Systems
1	asset managment
1	Building Information Modeling
1	ip
1	policy analysis
1	Electrical Manufacture
1	mac os x server
1	product launch
1	Article Rewriting
1	pay per click ppc
1	mobile technology
1	Textile Engineering
1	online community management
1	http
1	XHTML
1	FTP
1	.NET for Web
1	gambling
1	Adobe Dreamweaver CS
1	Short Stories
1	face to face presentations
1	JSON
1	Cocoa
1	computer science
1	Covers & Packaging
1	k 12 education
1	mutual funds
1	Microsoft Publisher
1	vo ip
1	maple
1	os x
1	performing arts
1	Voice Over
1	Catalan
1	i os development
1	Accounts Receivable
1	database admin
1	Data Protection
1	digital media
1	Google App Engine
1	key account acquisition retention
1	japanese culture
1	training
1	tax advisory
1	networking
1	collective funds
1	CAM
1	Poster Design
1	tcp ip
1	Predictive Analytics
1	contract management
1	Vector Graphics Editor
1	html 5
1	accent reduction
1	Kaizen
1	google adwords professional
1	search engine optimization seo
1	Vulnerability Assessment
1	Delphi
1	flask
1	Job Costing
1	XSLT
1	ADO.NET
1	mobile internet
1	Software Documentation
1	humanâ€“computer interaction
1	grands comptes
1	Audio Engineering
1	j query
1	LinkedIn Development
1	ColdFusion
1	cascading style sheets css
1	west africa
1	agile methodologies
1	Microsoft Visio
1	data center
1	Perl
1	microsoft access
1	Computer-Aided Design
1	Sony Vegas
1	i os
1	improvisation
1	Geospatial
1	gestion dequipe
1	Nanotechnology
1	vas
1	international marketing
1	Data Storage
1	Email Etiquette
1	volunteer management
1	WinJS
1	Typing
1	tv
1	Payroll
1	Apache Kafka
1	bto bto c
1	User Guides
1	strategic marketing
1	Environmental Law
1	Cinema D
1	entrepreneuriat
1	tax structuring
1	ANSYS
1	security
1	financial markets
1	Prezi
1	solution selling
1	imagination
1	redis
1	listening to customers
1	Book Writing
1	Regulation
1	technology evangelist
1	adaptable to changes
1	Personal Assistant
1	online marketing
1	Online Writing
1	Geographic Information Systems
1	bto b
1	contract negotiation
1	Autodesk Maya
1	express js
1	Compiler
1	secteur pharmaceutique
1	Trademark
1	formation
1	investment strategies
1	net
1	Eloqua
1	cohort analysis
1	partner management
1	teaching
1	reseaux sociaux
1	business planning
1	Children's Writing
1	Stratasys
1	hootsuite
1	English Punctuation
1	marketing event planning
1	Inventory Management
1	Virtual Assistant
1	television
1	customer relationship management crm
1	Word Processing
1	CISSP Certified Information Systems Security Professional
1	web applications
1	Immigration Law
1	cross border transactions
1	equity capital markets
1	Oracle E-Business Suite
1	digital
1	PSD to HTML
1	process improvement
1	user interface
1	Testopia
1	Croatian
1	Data Logistics
1	tweet deck
1	Greek
1	Schedule
1	community management
1	Portuguese
1	business relationship management
1	Adobe LiveCycle Designer
1	Swedish
1	vente de solutions
1	Content Management System
1	Natural Language Processing
1	transfer pricing
1	field artillery survey
1	administrative organization
1	Broadcast Engineering
1	Polymer
1	urban economics
1	firewalls
1	dance
1	Academic Writing
1	mobile product development
1	Bookkeeping
1	Sybase Programming
1	D3.js
1	online research
1	Virtualization
1	Feature Writing
1	Database Administration
1	Help & Support
1	swift
1	FourSquare Development
1	open source
1	Adobe Dreamweaver
1	self motivated
1	algorithms
1	Cover Design
1	strategie commerciale
1	Mobile Operating System
1	Astrophysics
1	business objects
1	Climate Sciences
1	Sencha Architect
1	channel partners
1	In-Game Advertising
1	google apps
1	SAS Business Analytics
1	r d
1	Accounts Payable
1	intuitiveness
1	Twig
1	community outreach
1	Telephone Handling
1	digital strategy
1	Product Descriptions
1	Telugu
1	asia pacific
1	Copyright
1	Manual Test Execution
1	portfolio management
1	Privacy
1	indirect taxation
1	competitive intelligence
1	CAD/CAM/CAE
1	demand generation
1	infrastructure
1	open gl
1	mail chimp
1	System Analysis
1	USB Electronics
1	flexible working
1	Debugging
1	affinity
1	Full-text Search Engines
1	ActionScript
1	Adobe FrameMaker
1	Simplified Chinese
1	Application Server
1	phone communication
1	Learning Management System
1	teamwork
1	Desktop Publishing
1	Modeling Language
1	data visualization
1	network architecture
1	Oracle Transportation Management
1	motion design
1	mac
1	dialects
1	communication marketing
1	Mechatronics
1	team leadership
1	slideshare
1	Underscore.js
1	photoshop
1	Embedded System
1	social tv
1	3Ds Max
1	Apache
1	key account development
1	cross cultural management
1	Cartoon
1	francais
1	Records Management
1	legal advice
1	financial services
1	commercial management
1	swimming
1	promotions
1	Data Entry System
1	Administrative Research
1	highly motivated self starter
1	web 2 0
1	Adobe Flex
1	relations clients
1	Ice Cream Sandwich
1	gestion de la relation client crm
1	informatique decisionnelle
1	MySpace Development
1	GIMP
1	yoruba
1	Network Monitoring
1	investments
1	AutoDesk Revit
1	public policy
1	Construction Monitoring
1	R-Hadoop
1	playwriting
1	SQLite Programming
1	database management
1	VB.NET
1	Email Handling
1	in design
1	Wix
1	LaTeX
1	Ext GWT
1	web marketing
1	Google Web Toolkit
1	fast learner
1	coding experience
1	Commercials
1	international tax
1	international tax planning
1	ArchiCAD
1	Oracle Agile
1	innovation
1	Circuit Design
1	v mware
1	customer satisfaction
1	open cl
1	speech
1	Software framework
1	amazon ec 2
1	Creative writing
1	multicultural
1	Web Components
1	Grant Writing
1	social software
1	3D Animation
1	Poetry
1	Geolocation
1	relation build
1	Sports Writing
1	Integrated Development Environment
1	Banner Ads
1	objective c
1	Litigation
2	international development
2	PL/SQL
2	Other - Manufacturing
2	Statistical Computing
2	b 2 b
2	Virtual Machine
2	General Office Skills
2	App Usability Analysis
2	Technical Recruiter
2	Joomla!
2	gestion de projet
2	professional services
2	Sphinx
2	Scientific Computation
2	word press
2	Technical Support
2	Microsoft Project
2	private equity
2	Instrumentation
2	Telemarketing
2	Fiction Writing
2	Hadoop
2	Network Analysis
2	QA Engineering
2	SPSS
2	Sewing
2	Japanese
2	Business Card Design
2	Microsoft Access Administration
2	Label & Package Design
2	Reverse Engineering
2	startup consulting
2	System Programming
2	Non-Fiction Writing
2	Autodesk Inventor
2	Adobe Analytics
2	English Grammar
2	Hospitality
2	Adobe Acrobat
2	Resume Writing
2	Java ME
2	fixed income
2	Landscape Design
2	Bulk Marketing
2	Google webmaster central
2	Website Analytics
2	Data Ingestion
2	Web Application Framework
2	Speech Writing
2	Network Programming
2	Web Publishing
2	Other - Design
2	Graph Databases
2	strategie marketing
2	pre sales
2	team building
2	Salesforce.com Development
2	facebook
2	Eclipse
2	Bitcoin
2	Blender
2	mongo db
2	financial modeling
2	management consulting
2	3D Scanning
2	Networking & Information Systems
2	Regression Testing
2	Petroleum Engineering
2	Communication
2	Xcode
2	Script Writing
2	Gulp.js
2	Insurance Law
2	investment management
2	go to market strategy
2	Oracle Hyperion
2	Finite Element Analysis
2	change management
2	Cartography & Maps
2	Web Server
2	Google AdWords Development
2	sales management
2	iPhone SDK
2	Fashion Modeling
2	microsoft power point
2	REST
2	mobile marketing
2	Voice Communications
2	Financial Writing
2	ITIL
2	Newsletters
2	social business
2	Audio Editing
2	CodeIgniter
2	Microsoft Sharepoint
2	Geographic Information Systems
2	Scalable analytics
2	SketchUp Pro
2	Employment Law
2	Microsoft Access Programming
2	finance
2	Final Cut Pro X
2	Analog Electronics
2	Landing Pages
2	Brochures
2	CATIA
2	Prestashop
2	microsoft windows
2	YouTube Development
2	ASP.NET MVC
2	integration
2	PhoneGap
2	Sound Design
2	business alliances
2	negociations
2	Personal Development
2	Sales Letters
2	CakePHP
2	Family Law
2	strategie
2	Microsoft Visual Studio
2	Trade Law
2	Lightwave 3D
2	Google Website Optimizer
2	Data Interchange
2	Call Center Skills
2	Drupal
2	vente
2	Contract
3	Typography
3	PMP
3	Grunt.js
3	Clean Technology
3	eBooks
3	Press Releases
3	angular js
3	Infographics
3	PostgreSQL Administration
3	Enterprise Resource Planning
3	Visual Basic
3	Database Programming
3	Oracle PL/SQL
3	Genetic Engineering
3	Scala
3	Twitter Development
3	nonprofits
3	Web Services Development
3	due diligence
3	Adaptive Algorithms
3	Socket.io
3	Wireless
3	Digital Painting
3	Network Engineering
3	Scalable transaction processing
3	SQL Programming
3	Korean
3	Google Maps
3	Microsoft SQL Server Programming
3	Pinterest Marketing
3	Test Automation
3	Financial Communication
3	Ghostwriting
3	3D
3	Backbone.js
3	Mac OSX
3	Licensing
3	Technical Writing
3	Imaging
3	Stata
3	Data Warehousing
3	Sales Writing
3	Tax Preparation
3	Architecture
3	enterprise software
3	Sage 50 Accounting
3	Medical Law
3	Other - Multimedia
3	telecommunications
3	mobile applications
3	Medical Writing
3	Network Administration
3	Voice Acting
3	Compliance
3	Android SDK
3	node js
3	NoSQL
3	Google AdSense
3	Network Design
3	Autodesk
3	SketchUp
3	QA Testing
3	Proposal Writing
3	Google Go
3	Travel Writing
3	saa s
3	competitive analysis
3	Norwegian
3	Legal Research
3	Motion Graphics
3	eBay
3	MailChimp
3	Operating Systems
3	business intelligence
3	Core Java
3	Data Structures
3	strategic partnerships
3	Classifieds Posting
3	Embedded Systems
3	Manufacturing Design
3	user experience
3	Test automation framework
3	mergers acquisitions
3	data analysis
4	Mobile Development Framework
4	SAP
4	Business writing
4	Computer Skills
4	Contracts
4	Patent Law
4	Communications
4	Application Lifecycle Management
4	Audio Design
4	new business development
4	Data Entry
4	Time Management
4	power point
4	Chemical Engineering
4	Digital Electronics
4	Rails
4	Security & Control
4	Facebook Development
4	Engineering Design
4	Print Advertising
4	Internet Security
4	Magento
4	Bing Ads
4	Telecommunications Engineering
4	.NET
4	Spring
4	Editing
4	Adobe Photoshop CS
4	Building Architecture
4	PostgreSQL Programming
4	Electronic Design
4	team management
4	XML
4	Objective-C
4	Presentation Design
4	mobile devices
4	electronic systems
4	TCP/IP
4	Wearables Technology
4	Recruiter
4	my sql
5	Chinese
5	Data Interpretation
5	Insurance
5	Computational science
5	Final Cut Pro
5	Object Oriented PHP
5	Microsoft Outlook
5	growth strategies
5	Loyalty Marketing
5	OpenGL
5	product development
5	AJAX
5	CRM
5	Legal Writing
5	App Store
5	JIRA
5	Civil Engineering
5	Application Development
5	3D Technology
5	Data Cleansing
5	java script
5	product marketing
5	Acquisitions
5	Email
5	Windows
5	English Proofreading
5	Video Upload
5	API
5	Tax
5	Video Publishing
5	Adobe InDesign CS
5	Computer Architecture
6	Network Security
6	e commerce
6	Industrial Design
6	Wireframes
6	Arduino
6	Visual Arts
6	Data Mining
6	Internet Research
6	IT
6	AutoCAD
6	Sketching
6	Proofreading
6	Real Estate Law
6	Legal Consulting
6	Electronics
6	Docker
6	Information Management
6	Drawing
6	Biology
6	Crowdfunding
6	Art Direction
6	Mobile App Testing
6	Constant Contact
6	Amazon Web Services
6	Mechanical Design
6	Travel Planning
6	Adobe Premiere
6	Office Management
6	Adobe After Effects
6	Web Content
6	Business Mathematics
7	Social Media Optimization SMO
7	Database
7	Writing
7	social media
7	Media Relations
7	3D Rendering
7	Translation
7	C
7	Broadcast Advertising
7	Electronic Engineering
7	Copy Editing
7	Display Ads
7	Software Engineering
7	Business Process Outsourcing
7	Legal
7	Recruitment
7	MySQL Administration
7	Videography
7	3D Design
7	business strategy
7	Interior Design
7	Journalism
7	Human Sciences
7	SolidWorks
7	Pitching
7	Rhinoceros 3D
8	Haskell
8	Relational Databases
8	Editorial Writing
8	Viral Marketing
8	Commercial
8	Asset Management
8	Materials Engineering
8	Business Writing
8	Web Development
8	ecommerce solutions
8	Mobile Advertising
8	Social Networks Building
8	Salesforce.com
8	Django
8	Adobe Illustrator CS
8	Community
8	ScrumWorks
9	Web Programming
9	Bootstrap
9	Adobe Photoshop Lightroom
9	Blog Writing
9	R
9	Unix
9	Express.js
9	Tax Law
9	Creative Writing
9	Software Testing
9	Investment Research
9	Valuation
9	Arts & Crafts
9	Content Writing
9	Lead Generation
9	Web Content Management
9	Game Programming
9	Architecture
10	Physics
10	Intellectual Property
10	Logistics & Shipping
10	Personal Finance
10	Adobe Creative Suite
10	Fashion
10	Data Modeling
10	Italian
10	3D Modelling
10	Ad planning & buying
10	Java EE
10	Copywriting
10	Civil Law
10	leadership
11	3D Printing
11	Freelance Marketing
11	Econometrics
11	Business Angels
11	strategy
11	Program Management
11	Scientific Research
11	Internet & Communications
11	Twitter Marketing
11	Venture Financing
11	Organizational Behavior
11	C#
11	Print Design
12	3D Modeling & CAD
12	Symfony
12	Game
12	Software Engineering
12	VBA
12	Google+ Marketing
12	Industrial Engineering
12	Customer Service
12	Linux
12	Digital Photography
12	Saas Marketing and sales automation
12	M&A
12	Algorithm Development
13	Brand Ambassador
13	Photo Editing
13	management
13	Artificial Intelligence
13	Business Software
13	Article Writing
13	start ups
13	Blogging
13	Web Analytics
13	Rapid Prototyping
14	Game Development
14	WordPress
14	Git
14	German
14	Risk Management
15	Corporate Law
15	MongoDB
15	SEM
15	International Law
15	Video Editing
15	Cost Analysis
16	Auditing
16	Investment Banking
16	Android
16	Product Lifecycle Management
16	Music
16	Cloud Computing
16	Ruby
16	Software Development
16	Financial Engineering
16	Research
16	MySQL Programming
18	Concept Design
18	Financial Statements
18	Statistics
19	Analytics
19	Biotechnology
20	Corporate Brand Identity
20	Internet Marketing
20	Project Scheduling
20	Supply Chain Management
20	Event Planning
21	Music Composition
21	React.js
21	Microsoft Word
21	Mechanical Engineering
21	Human Resources
22	Mathematics
22	Budgeting & Forecasting
22	Online Advertising
22	Business Law
22	Public Speaking
22	Financial Reporting
22	Data Science
22	Big Data
23	User Interface Design
23	Contract Law
23	Economics
24	Public Relations
24	Affiliate Marketing
24	SQL
24	Google analytics
25	Negotiation
26	Accounting & Control
26	Financial Forecasting
26	Social Network & Community Development
26	CRM
26	Business
27	Account management
27	Adobe InDesign
27	Microsoft PowerPoint
28	Project Finance
28	Fundraising
28	Other - Sales and Marketing
28	Spanish
28	Accounting
29	Google adwords
29	Social Networking
29	Machine Learning
31	Operations Management
31	Ruby on Rails
31	Photography
33	Financial Management
33	Advertising
33	Microsoft Office
33	Direct Marketing
34	Event Management
35	Advertising Strategy
36	Adobe Illustrator
37	Ecommerce
37	Data Analytics
37	Web Design
37	Facebook Marketing
39	Market Research
41	Strategic Planning
42	Growth Hacking
42	Branding
43	Project Planning
43	User Experience Design
43	Lean Startup
45	Java
49	Email Marketing
49	C++
50	French
53	Microsoft Excel
55	Node.js
55	Sales
57	Logo Design
58	Consulting
58	English
61	Audio Production
62	Business Analysis
65	Business Plans
65	Python
67	Startups
73	Corporate Strategy
74	UX/UI Design
74	Financial Analysis
78	Animation
78	Social Media Marketing
87	Fashion Design
87	Robotics
90	Product Management
99	Computer Graphics
102	Corporate Finance
109	Business Management
109	Electrical Engineering
123	iOS
131	Angular.js
134	Illustration
138	Marketing Strategy
141	Unix/Linux System Administrator
141	Business Development
145	Mobile Programming
147	Marketing
150	Video Production
159	Digital Marketing
167	Data Engineering
178	jQuery
183	Strategy & Business Development
191	Project Management
218	Computer Engineering
230	E-learning
240	Php
245	SEO
247	GitHub
259	Lean
269	Venture Capital
278	Graphic Design
320	Social Networking Development
355	Adobe Photoshop
384	Javascript
428	Web Development
442	CSS
465	Analytics
483	HTML
497	Product Design
614	Communication
661	Programming
1211	Entrepreneurship
